﻿{
    "Foglio1": [
        {
            "istat": "1272",
            "comune": "Torino",
            "cap": "10121"
        },
        {
            "istat": "1272",
            "comune": "Torino",
            "cap": "10122"
        },
        {
            "istat": "1272",
            "comune": "Torino",
            "cap": "10123"
        },
        {
            "istat": "1272",
            "comune": "Torino",
            "cap": "10124"
        },
        {
            "istat": "1272",
            "comune": "Torino",
            "cap": "10125"
        },
        {
            "istat": "1272",
            "comune": "Torino",
            "cap": "10126"
        },
        {
            "istat": "1272",
            "comune": "Torino",
            "cap": "10127"
        },
        {
            "istat": "1272",
            "comune": "Torino",
            "cap": "10128"
        },
        {
            "istat": "1272",
            "comune": "Torino",
            "cap": "10129"
        },
        {
            "istat": "1272",
            "comune": "Torino",
            "cap": "10131"
        },
        {
            "istat": "1272",
            "comune": "Torino",
            "cap": "10132"
        },
        {
            "istat": "1272",
            "comune": "Torino",
            "cap": "10133"
        },
        {
            "istat": "1272",
            "comune": "Torino",
            "cap": "10134"
        },
        {
            "istat": "1272",
            "comune": "Torino",
            "cap": "10135"
        },
        {
            "istat": "1272",
            "comune": "Torino",
            "cap": "10136"
        },
        {
            "istat": "1272",
            "comune": "Torino",
            "cap": "10137"
        },
        {
            "istat": "1272",
            "comune": "Torino",
            "cap": "10138"
        },
        {
            "istat": "1272",
            "comune": "Torino",
            "cap": "10139"
        },
        {
            "istat": "1272",
            "comune": "Torino",
            "cap": "10141"
        },
        {
            "istat": "1272",
            "comune": "Torino",
            "cap": "10142"
        },
        {
            "istat": "1272",
            "comune": "Torino",
            "cap": "10143"
        },
        {
            "istat": "1272",
            "comune": "Torino",
            "cap": "10144"
        },
        {
            "istat": "1272",
            "comune": "Torino",
            "cap": "10145"
        },
        {
            "istat": "1272",
            "comune": "Torino",
            "cap": "10146"
        },
        {
            "istat": "1272",
            "comune": "Torino",
            "cap": "10147"
        },
        {
            "istat": "1272",
            "comune": "Torino",
            "cap": "10148"
        },
        {
            "istat": "1272",
            "comune": "Torino",
            "cap": "10149"
        },
        {
            "istat": "1272",
            "comune": "Torino",
            "cap": "10151"
        },
        {
            "istat": "1272",
            "comune": "Torino",
            "cap": "10152"
        },
        {
            "istat": "1272",
            "comune": "Torino",
            "cap": "10153"
        },
        {
            "istat": "1272",
            "comune": "Torino",
            "cap": "10154"
        },
        {
            "istat": "1272",
            "comune": "Torino",
            "cap": "10155"
        },
        {
            "istat": "1272",
            "comune": "Torino",
            "cap": "10156"
        },
        {
            "istat": "6003",
            "comune": "Alessandria",
            "cap": "15121"
        },
        {
            "istat": "6003",
            "comune": "Alessandria",
            "cap": "15122"
        },
        {
            "istat": "10025",
            "comune": "Genova",
            "cap": "16121"
        },
        {
            "istat": "10025",
            "comune": "Genova",
            "cap": "16122"
        },
        {
            "istat": "10025",
            "comune": "Genova",
            "cap": "16123"
        },
        {
            "istat": "10025",
            "comune": "Genova",
            "cap": "16124"
        },
        {
            "istat": "10025",
            "comune": "Genova",
            "cap": "16125"
        },
        {
            "istat": "10025",
            "comune": "Genova",
            "cap": "16126"
        },
        {
            "istat": "10025",
            "comune": "Genova",
            "cap": "16127"
        },
        {
            "istat": "10025",
            "comune": "Genova",
            "cap": "16128"
        },
        {
            "istat": "10025",
            "comune": "Genova",
            "cap": "16129"
        },
        {
            "istat": "10025",
            "comune": "Genova",
            "cap": "16131"
        },
        {
            "istat": "10025",
            "comune": "Genova",
            "cap": "16132"
        },
        {
            "istat": "10025",
            "comune": "Genova",
            "cap": "16133"
        },
        {
            "istat": "10025",
            "comune": "Genova",
            "cap": "16134"
        },
        {
            "istat": "10025",
            "comune": "Genova",
            "cap": "16135"
        },
        {
            "istat": "10025",
            "comune": "Genova",
            "cap": "16136"
        },
        {
            "istat": "10025",
            "comune": "Genova",
            "cap": "16137"
        },
        {
            "istat": "10025",
            "comune": "Genova",
            "cap": "16138"
        },
        {
            "istat": "10025",
            "comune": "Genova",
            "cap": "16139"
        },
        {
            "istat": "10025",
            "comune": "Genova",
            "cap": "16141"
        },
        {
            "istat": "10025",
            "comune": "Genova",
            "cap": "16142"
        },
        {
            "istat": "10025",
            "comune": "Genova",
            "cap": "16143"
        },
        {
            "istat": "10025",
            "comune": "Genova",
            "cap": "16144"
        },
        {
            "istat": "10025",
            "comune": "Genova",
            "cap": "16145"
        },
        {
            "istat": "10025",
            "comune": "Genova",
            "cap": "16146"
        },
        {
            "istat": "10025",
            "comune": "Genova",
            "cap": "16147"
        },
        {
            "istat": "10025",
            "comune": "Genova",
            "cap": "16148"
        },
        {
            "istat": "10025",
            "comune": "Genova",
            "cap": "16149"
        },
        {
            "istat": "10025",
            "comune": "Genova",
            "cap": "16151"
        },
        {
            "istat": "10025",
            "comune": "Genova",
            "cap": "16152"
        },
        {
            "istat": "10025",
            "comune": "Genova",
            "cap": "16153"
        },
        {
            "istat": "10025",
            "comune": "Genova",
            "cap": "16154"
        },
        {
            "istat": "10025",
            "comune": "Genova",
            "cap": "16155"
        },
        {
            "istat": "10025",
            "comune": "Genova",
            "cap": "16156"
        },
        {
            "istat": "10025",
            "comune": "Genova",
            "cap": "16157"
        },
        {
            "istat": "10025",
            "comune": "Genova",
            "cap": "16158"
        },
        {
            "istat": "10025",
            "comune": "Genova",
            "cap": "16159"
        },
        {
            "istat": "10025",
            "comune": "Genova",
            "cap": "16161"
        },
        {
            "istat": "10025",
            "comune": "Genova",
            "cap": "16162"
        },
        {
            "istat": "10025",
            "comune": "Genova",
            "cap": "16163"
        },
        {
            "istat": "10025",
            "comune": "Genova",
            "cap": "16164"
        },
        {
            "istat": "10025",
            "comune": "Genova",
            "cap": "16165"
        },
        {
            "istat": "10025",
            "comune": "Genova",
            "cap": "16166"
        },
        {
            "istat": "10025",
            "comune": "Genova",
            "cap": "16167"
        },
        {
            "istat": "11015",
            "comune": "La Spezia",
            "cap": "19121"
        },
        {
            "istat": "11015",
            "comune": "La Spezia",
            "cap": "19122"
        },
        {
            "istat": "11015",
            "comune": "La Spezia",
            "cap": "19123"
        },
        {
            "istat": "11015",
            "comune": "La Spezia",
            "cap": "19124"
        },
        {
            "istat": "11015",
            "comune": "La Spezia",
            "cap": "19125"
        },
        {
            "istat": "11015",
            "comune": "La Spezia",
            "cap": "19126"
        },
        {
            "istat": "11015",
            "comune": "La Spezia",
            "cap": "19131"
        },
        {
            "istat": "11015",
            "comune": "La Spezia",
            "cap": "19132"
        },
        {
            "istat": "11015",
            "comune": "La Spezia",
            "cap": "19133"
        },
        {
            "istat": "11015",
            "comune": "La Spezia",
            "cap": "19134"
        },
        {
            "istat": "11015",
            "comune": "La Spezia",
            "cap": "19135"
        },
        {
            "istat": "11015",
            "comune": "La Spezia",
            "cap": "19136"
        },
        {
            "istat": "11015",
            "comune": "La Spezia",
            "cap": "19137"
        },
        {
            "istat": "15146",
            "comune": "Milano",
            "cap": "20121"
        },
        {
            "istat": "15146",
            "comune": "Milano",
            "cap": "20122"
        },
        {
            "istat": "15146",
            "comune": "Milano",
            "cap": "20123"
        },
        {
            "istat": "15146",
            "comune": "Milano",
            "cap": "20124"
        },
        {
            "istat": "15146",
            "comune": "Milano",
            "cap": "20125"
        },
        {
            "istat": "15146",
            "comune": "Milano",
            "cap": "20126"
        },
        {
            "istat": "15146",
            "comune": "Milano",
            "cap": "20127"
        },
        {
            "istat": "15146",
            "comune": "Milano",
            "cap": "20128"
        },
        {
            "istat": "15146",
            "comune": "Milano",
            "cap": "20129"
        },
        {
            "istat": "15146",
            "comune": "Milano",
            "cap": "20131"
        },
        {
            "istat": "15146",
            "comune": "Milano",
            "cap": "20132"
        },
        {
            "istat": "15146",
            "comune": "Milano",
            "cap": "20133"
        },
        {
            "istat": "15146",
            "comune": "Milano",
            "cap": "20134"
        },
        {
            "istat": "15146",
            "comune": "Milano",
            "cap": "20135"
        },
        {
            "istat": "15146",
            "comune": "Milano",
            "cap": "20136"
        },
        {
            "istat": "15146",
            "comune": "Milano",
            "cap": "20137"
        },
        {
            "istat": "15146",
            "comune": "Milano",
            "cap": "20138"
        },
        {
            "istat": "15146",
            "comune": "Milano",
            "cap": "20139"
        },
        {
            "istat": "15146",
            "comune": "Milano",
            "cap": "20141"
        },
        {
            "istat": "15146",
            "comune": "Milano",
            "cap": "20142"
        },
        {
            "istat": "15146",
            "comune": "Milano",
            "cap": "20143"
        },
        {
            "istat": "15146",
            "comune": "Milano",
            "cap": "20144"
        },
        {
            "istat": "15146",
            "comune": "Milano",
            "cap": "20145"
        },
        {
            "istat": "15146",
            "comune": "Milano",
            "cap": "20146"
        },
        {
            "istat": "15146",
            "comune": "Milano",
            "cap": "20147"
        },
        {
            "istat": "15146",
            "comune": "Milano",
            "cap": "20148"
        },
        {
            "istat": "15146",
            "comune": "Milano",
            "cap": "20149"
        },
        {
            "istat": "15146",
            "comune": "Milano",
            "cap": "20151"
        },
        {
            "istat": "15146",
            "comune": "Milano",
            "cap": "20152"
        },
        {
            "istat": "15146",
            "comune": "Milano",
            "cap": "20153"
        },
        {
            "istat": "15146",
            "comune": "Milano",
            "cap": "20154"
        },
        {
            "istat": "15146",
            "comune": "Milano",
            "cap": "20155"
        },
        {
            "istat": "15146",
            "comune": "Milano",
            "cap": "20156"
        },
        {
            "istat": "15146",
            "comune": "Milano",
            "cap": "20157"
        },
        {
            "istat": "15146",
            "comune": "Milano",
            "cap": "20158"
        },
        {
            "istat": "15146",
            "comune": "Milano",
            "cap": "20159"
        },
        {
            "istat": "15146",
            "comune": "Milano",
            "cap": "20161"
        },
        {
            "istat": "15146",
            "comune": "Milano",
            "cap": "20162"
        },
        {
            "istat": "16024",
            "comune": "Bergamo",
            "cap": "24121"
        },
        {
            "istat": "16024",
            "comune": "Bergamo",
            "cap": "24122"
        },
        {
            "istat": "16024",
            "comune": "Bergamo",
            "cap": "24123"
        },
        {
            "istat": "16024",
            "comune": "Bergamo",
            "cap": "24124"
        },
        {
            "istat": "16024",
            "comune": "Bergamo",
            "cap": "24125"
        },
        {
            "istat": "16024",
            "comune": "Bergamo",
            "cap": "24126"
        },
        {
            "istat": "16024",
            "comune": "Bergamo",
            "cap": "24127"
        },
        {
            "istat": "16024",
            "comune": "Bergamo",
            "cap": "24128"
        },
        {
            "istat": "16024",
            "comune": "Bergamo",
            "cap": "24129"
        },
        {
            "istat": "17029",
            "comune": "Brescia",
            "cap": "25121"
        },
        {
            "istat": "17029",
            "comune": "Brescia",
            "cap": "25122"
        },
        {
            "istat": "17029",
            "comune": "Brescia",
            "cap": "25123"
        },
        {
            "istat": "17029",
            "comune": "Brescia",
            "cap": "25124"
        },
        {
            "istat": "17029",
            "comune": "Brescia",
            "cap": "25125"
        },
        {
            "istat": "17029",
            "comune": "Brescia",
            "cap": "25126"
        },
        {
            "istat": "17029",
            "comune": "Brescia",
            "cap": "25127"
        },
        {
            "istat": "17029",
            "comune": "Brescia",
            "cap": "25128"
        },
        {
            "istat": "17029",
            "comune": "Brescia",
            "cap": "25129"
        },
        {
            "istat": "17029",
            "comune": "Brescia",
            "cap": "25131"
        },
        {
            "istat": "17029",
            "comune": "Brescia",
            "cap": "25132"
        },
        {
            "istat": "17029",
            "comune": "Brescia",
            "cap": "25133"
        },
        {
            "istat": "17029",
            "comune": "Brescia",
            "cap": "25134"
        },
        {
            "istat": "17029",
            "comune": "Brescia",
            "cap": "25135"
        },
        {
            "istat": "17029",
            "comune": "Brescia",
            "cap": "25136"
        },
        {
            "istat": "22205",
            "comune": "Trento",
            "cap": "38121"
        },
        {
            "istat": "22205",
            "comune": "Trento",
            "cap": "38122"
        },
        {
            "istat": "22205",
            "comune": "Trento",
            "cap": "38123"
        },
        {
            "istat": "23091",
            "comune": "Verona",
            "cap": "37121"
        },
        {
            "istat": "23091",
            "comune": "Verona",
            "cap": "37122"
        },
        {
            "istat": "23091",
            "comune": "Verona",
            "cap": "37123"
        },
        {
            "istat": "23091",
            "comune": "Verona",
            "cap": "37124"
        },
        {
            "istat": "23091",
            "comune": "Verona",
            "cap": "37125"
        },
        {
            "istat": "23091",
            "comune": "Verona",
            "cap": "37126"
        },
        {
            "istat": "23091",
            "comune": "Verona",
            "cap": "37127"
        },
        {
            "istat": "23091",
            "comune": "Verona",
            "cap": "37128"
        },
        {
            "istat": "23091",
            "comune": "Verona",
            "cap": "37129"
        },
        {
            "istat": "23091",
            "comune": "Verona",
            "cap": "37131"
        },
        {
            "istat": "23091",
            "comune": "Verona",
            "cap": "37132"
        },
        {
            "istat": "23091",
            "comune": "Verona",
            "cap": "37133"
        },
        {
            "istat": "23091",
            "comune": "Verona",
            "cap": "37134"
        },
        {
            "istat": "23091",
            "comune": "Verona",
            "cap": "37135"
        },
        {
            "istat": "23091",
            "comune": "Verona",
            "cap": "37136"
        },
        {
            "istat": "23091",
            "comune": "Verona",
            "cap": "37137"
        },
        {
            "istat": "23091",
            "comune": "Verona",
            "cap": "37138"
        },
        {
            "istat": "23091",
            "comune": "Verona",
            "cap": "37139"
        },
        {
            "istat": "23091",
            "comune": "Verona",
            "cap": "37141"
        },
        {
            "istat": "23091",
            "comune": "Verona",
            "cap": "37142"
        },
        {
            "istat": "27042",
            "comune": "Venezia",
            "cap": "30121"
        },
        {
            "istat": "27042",
            "comune": "Venezia",
            "cap": "30122"
        },
        {
            "istat": "27042",
            "comune": "Venezia",
            "cap": "30123"
        },
        {
            "istat": "27042",
            "comune": "Venezia",
            "cap": "30124"
        },
        {
            "istat": "27042",
            "comune": "Venezia",
            "cap": "30125"
        },
        {
            "istat": "27042",
            "comune": "Venezia",
            "cap": "30126"
        },
        {
            "istat": "27042",
            "comune": "Venezia",
            "cap": "30132"
        },
        {
            "istat": "27042",
            "comune": "Venezia",
            "cap": "30133"
        },
        {
            "istat": "27042",
            "comune": "Venezia",
            "cap": "30135"
        },
        {
            "istat": "27042",
            "comune": "Venezia",
            "cap": "30141"
        },
        {
            "istat": "27042",
            "comune": "Venezia",
            "cap": "30142"
        },
        {
            "istat": "27042",
            "comune": "Venezia",
            "cap": "30171"
        },
        {
            "istat": "27042",
            "comune": "Venezia",
            "cap": "30172"
        },
        {
            "istat": "27042",
            "comune": "Venezia",
            "cap": "30173"
        },
        {
            "istat": "27042",
            "comune": "Venezia",
            "cap": "30174"
        },
        {
            "istat": "27042",
            "comune": "Venezia",
            "cap": "30175"
        },
        {
            "istat": "27042",
            "comune": "Venezia",
            "cap": "30176"
        },
        {
            "istat": "28060",
            "comune": "Padova",
            "cap": "35121"
        },
        {
            "istat": "28060",
            "comune": "Padova",
            "cap": "35122"
        },
        {
            "istat": "28060",
            "comune": "Padova",
            "cap": "35123"
        },
        {
            "istat": "28060",
            "comune": "Padova",
            "cap": "35124"
        },
        {
            "istat": "28060",
            "comune": "Padova",
            "cap": "35125"
        },
        {
            "istat": "28060",
            "comune": "Padova",
            "cap": "35126"
        },
        {
            "istat": "28060",
            "comune": "Padova",
            "cap": "35127"
        },
        {
            "istat": "28060",
            "comune": "Padova",
            "cap": "35128"
        },
        {
            "istat": "28060",
            "comune": "Padova",
            "cap": "35129"
        },
        {
            "istat": "28060",
            "comune": "Padova",
            "cap": "35131"
        },
        {
            "istat": "28060",
            "comune": "Padova",
            "cap": "35132"
        },
        {
            "istat": "28060",
            "comune": "Padova",
            "cap": "35133"
        },
        {
            "istat": "28060",
            "comune": "Padova",
            "cap": "35134"
        },
        {
            "istat": "28060",
            "comune": "Padova",
            "cap": "35135"
        },
        {
            "istat": "28060",
            "comune": "Padova",
            "cap": "35136"
        },
        {
            "istat": "28060",
            "comune": "Padova",
            "cap": "35137"
        },
        {
            "istat": "28060",
            "comune": "Padova",
            "cap": "35138"
        },
        {
            "istat": "28060",
            "comune": "Padova",
            "cap": "35139"
        },
        {
            "istat": "28060",
            "comune": "Padova",
            "cap": "35141"
        },
        {
            "istat": "28060",
            "comune": "Padova",
            "cap": "35142"
        },
        {
            "istat": "28060",
            "comune": "Padova",
            "cap": "35143"
        },
        {
            "istat": "32006",
            "comune": "Trieste",
            "cap": "34121"
        },
        {
            "istat": "32006",
            "comune": "Trieste",
            "cap": "34122"
        },
        {
            "istat": "32006",
            "comune": "Trieste",
            "cap": "34123"
        },
        {
            "istat": "32006",
            "comune": "Trieste",
            "cap": "34124"
        },
        {
            "istat": "32006",
            "comune": "Trieste",
            "cap": "34125"
        },
        {
            "istat": "32006",
            "comune": "Trieste",
            "cap": "34126"
        },
        {
            "istat": "32006",
            "comune": "Trieste",
            "cap": "34127"
        },
        {
            "istat": "32006",
            "comune": "Trieste",
            "cap": "34128"
        },
        {
            "istat": "32006",
            "comune": "Trieste",
            "cap": "34129"
        },
        {
            "istat": "32006",
            "comune": "Trieste",
            "cap": "34131"
        },
        {
            "istat": "32006",
            "comune": "Trieste",
            "cap": "34132"
        },
        {
            "istat": "32006",
            "comune": "Trieste",
            "cap": "34133"
        },
        {
            "istat": "32006",
            "comune": "Trieste",
            "cap": "34134"
        },
        {
            "istat": "32006",
            "comune": "Trieste",
            "cap": "34135"
        },
        {
            "istat": "32006",
            "comune": "Trieste",
            "cap": "34136"
        },
        {
            "istat": "32006",
            "comune": "Trieste",
            "cap": "34137"
        },
        {
            "istat": "32006",
            "comune": "Trieste",
            "cap": "34138"
        },
        {
            "istat": "32006",
            "comune": "Trieste",
            "cap": "34139"
        },
        {
            "istat": "32006",
            "comune": "Trieste",
            "cap": "34141"
        },
        {
            "istat": "32006",
            "comune": "Trieste",
            "cap": "34142"
        },
        {
            "istat": "32006",
            "comune": "Trieste",
            "cap": "34143"
        },
        {
            "istat": "32006",
            "comune": "Trieste",
            "cap": "34144"
        },
        {
            "istat": "32006",
            "comune": "Trieste",
            "cap": "34145"
        },
        {
            "istat": "32006",
            "comune": "Trieste",
            "cap": "34146"
        },
        {
            "istat": "32006",
            "comune": "Trieste",
            "cap": "34147"
        },
        {
            "istat": "32006",
            "comune": "Trieste",
            "cap": "34148"
        },
        {
            "istat": "32006",
            "comune": "Trieste",
            "cap": "34149"
        },
        {
            "istat": "32006",
            "comune": "Trieste",
            "cap": "34151"
        },
        {
            "istat": "33032",
            "comune": "Piacenza",
            "cap": "29121"
        },
        {
            "istat": "33032",
            "comune": "Piacenza",
            "cap": "29122"
        },
        {
            "istat": "34027",
            "comune": "Parma",
            "cap": "43121"
        },
        {
            "istat": "34027",
            "comune": "Parma",
            "cap": "43122"
        },
        {
            "istat": "34027",
            "comune": "Parma",
            "cap": "43123"
        },
        {
            "istat": "34027",
            "comune": "Parma",
            "cap": "43124"
        },
        {
            "istat": "34027",
            "comune": "Parma",
            "cap": "43125"
        },
        {
            "istat": "34027",
            "comune": "Parma",
            "cap": "43126"
        },
        {
            "istat": "35033",
            "comune": "Reggio Emilia",
            "cap": "42121"
        },
        {
            "istat": "35033",
            "comune": "Reggio Emilia",
            "cap": "42122"
        },
        {
            "istat": "35033",
            "comune": "Reggio Emilia",
            "cap": "42123"
        },
        {
            "istat": "35033",
            "comune": "Reggio Emilia",
            "cap": "42124"
        },
        {
            "istat": "36023",
            "comune": "Modena",
            "cap": "41121"
        },
        {
            "istat": "36023",
            "comune": "Modena",
            "cap": "41122"
        },
        {
            "istat": "36023",
            "comune": "Modena",
            "cap": "41123"
        },
        {
            "istat": "36023",
            "comune": "Modena",
            "cap": "41124"
        },
        {
            "istat": "36023",
            "comune": "Modena",
            "cap": "41125"
        },
        {
            "istat": "36023",
            "comune": "Modena",
            "cap": "41126"
        },
        {
            "istat": "37006",
            "comune": "Bologna",
            "cap": "40121"
        },
        {
            "istat": "37006",
            "comune": "Bologna",
            "cap": "40122"
        },
        {
            "istat": "37006",
            "comune": "Bologna",
            "cap": "40123"
        },
        {
            "istat": "37006",
            "comune": "Bologna",
            "cap": "40124"
        },
        {
            "istat": "37006",
            "comune": "Bologna",
            "cap": "40125"
        },
        {
            "istat": "37006",
            "comune": "Bologna",
            "cap": "40126"
        },
        {
            "istat": "37006",
            "comune": "Bologna",
            "cap": "40127"
        },
        {
            "istat": "37006",
            "comune": "Bologna",
            "cap": "40128"
        },
        {
            "istat": "37006",
            "comune": "Bologna",
            "cap": "40129"
        },
        {
            "istat": "37006",
            "comune": "Bologna",
            "cap": "40131"
        },
        {
            "istat": "37006",
            "comune": "Bologna",
            "cap": "40132"
        },
        {
            "istat": "37006",
            "comune": "Bologna",
            "cap": "40133"
        },
        {
            "istat": "37006",
            "comune": "Bologna",
            "cap": "40134"
        },
        {
            "istat": "37006",
            "comune": "Bologna",
            "cap": "40135"
        },
        {
            "istat": "37006",
            "comune": "Bologna",
            "cap": "40136"
        },
        {
            "istat": "37006",
            "comune": "Bologna",
            "cap": "40137"
        },
        {
            "istat": "37006",
            "comune": "Bologna",
            "cap": "40138"
        },
        {
            "istat": "37006",
            "comune": "Bologna",
            "cap": "40139"
        },
        {
            "istat": "37006",
            "comune": "Bologna",
            "cap": "40141"
        },
        {
            "istat": "38008",
            "comune": "Ferrara",
            "cap": "44121"
        },
        {
            "istat": "38008",
            "comune": "Ferrara",
            "cap": "44122"
        },
        {
            "istat": "38008",
            "comune": "Ferrara",
            "cap": "44123"
        },
        {
            "istat": "38008",
            "comune": "Ferrara",
            "cap": "44124"
        },
        {
            "istat": "39014",
            "comune": "Ravenna",
            "cap": "48121"
        },
        {
            "istat": "39014",
            "comune": "Ravenna",
            "cap": "48122"
        },
        {
            "istat": "39014",
            "comune": "Ravenna",
            "cap": "48123"
        },
        {
            "istat": "39014",
            "comune": "Ravenna",
            "cap": "48124"
        },
        {
            "istat": "39014",
            "comune": "Ravenna",
            "cap": "48125"
        },
        {
            "istat": "40007",
            "comune": "Cesena",
            "cap": "47521"
        },
        {
            "istat": "40007",
            "comune": "Cesena",
            "cap": "47522"
        },
        {
            "istat": "40012",
            "comune": "Forlì",
            "cap": "47121"
        },
        {
            "istat": "40012",
            "comune": "Forlì",
            "cap": "47122"
        },
        {
            "istat": "41044",
            "comune": "Pesaro",
            "cap": "61121"
        },
        {
            "istat": "41044",
            "comune": "Pesaro",
            "cap": "61122"
        },
        {
            "istat": "42002",
            "comune": "Ancona",
            "cap": "60121"
        },
        {
            "istat": "42002",
            "comune": "Ancona",
            "cap": "60122"
        },
        {
            "istat": "42002",
            "comune": "Ancona",
            "cap": "60123"
        },
        {
            "istat": "42002",
            "comune": "Ancona",
            "cap": "60124"
        },
        {
            "istat": "42002",
            "comune": "Ancona",
            "cap": "60125"
        },
        {
            "istat": "42002",
            "comune": "Ancona",
            "cap": "60126"
        },
        {
            "istat": "42002",
            "comune": "Ancona",
            "cap": "60127"
        },
        {
            "istat": "42002",
            "comune": "Ancona",
            "cap": "60128"
        },
        {
            "istat": "42002",
            "comune": "Ancona",
            "cap": "60129"
        },
        {
            "istat": "42002",
            "comune": "Ancona",
            "cap": "60131"
        },
        {
            "istat": "48017",
            "comune": "Firenze",
            "cap": "50121"
        },
        {
            "istat": "48017",
            "comune": "Firenze",
            "cap": "50122"
        },
        {
            "istat": "48017",
            "comune": "Firenze",
            "cap": "50123"
        },
        {
            "istat": "48017",
            "comune": "Firenze",
            "cap": "50124"
        },
        {
            "istat": "48017",
            "comune": "Firenze",
            "cap": "50125"
        },
        {
            "istat": "48017",
            "comune": "Firenze",
            "cap": "50126"
        },
        {
            "istat": "48017",
            "comune": "Firenze",
            "cap": "50127"
        },
        {
            "istat": "48017",
            "comune": "Firenze",
            "cap": "50129"
        },
        {
            "istat": "48017",
            "comune": "Firenze",
            "cap": "50131"
        },
        {
            "istat": "48017",
            "comune": "Firenze",
            "cap": "50132"
        },
        {
            "istat": "48017",
            "comune": "Firenze",
            "cap": "50133"
        },
        {
            "istat": "48017",
            "comune": "Firenze",
            "cap": "50134"
        },
        {
            "istat": "48017",
            "comune": "Firenze",
            "cap": "50135"
        },
        {
            "istat": "48017",
            "comune": "Firenze",
            "cap": "50136"
        },
        {
            "istat": "48017",
            "comune": "Firenze",
            "cap": "50137"
        },
        {
            "istat": "48017",
            "comune": "Firenze",
            "cap": "50139"
        },
        {
            "istat": "48017",
            "comune": "Firenze",
            "cap": "50141"
        },
        {
            "istat": "48017",
            "comune": "Firenze",
            "cap": "50142"
        },
        {
            "istat": "48017",
            "comune": "Firenze",
            "cap": "50143"
        },
        {
            "istat": "48017",
            "comune": "Firenze",
            "cap": "50144"
        },
        {
            "istat": "48017",
            "comune": "Firenze",
            "cap": "50145"
        },
        {
            "istat": "49009",
            "comune": "Livorno",
            "cap": "57121"
        },
        {
            "istat": "49009",
            "comune": "Livorno",
            "cap": "57122"
        },
        {
            "istat": "49009",
            "comune": "Livorno",
            "cap": "57123"
        },
        {
            "istat": "49009",
            "comune": "Livorno",
            "cap": "57124"
        },
        {
            "istat": "49009",
            "comune": "Livorno",
            "cap": "57125"
        },
        {
            "istat": "49009",
            "comune": "Livorno",
            "cap": "57126"
        },
        {
            "istat": "49009",
            "comune": "Livorno",
            "cap": "57127"
        },
        {
            "istat": "49009",
            "comune": "Livorno",
            "cap": "57128"
        },
        {
            "istat": "50026",
            "comune": "Pisa",
            "cap": "56121"
        },
        {
            "istat": "50026",
            "comune": "Pisa",
            "cap": "56122"
        },
        {
            "istat": "50026",
            "comune": "Pisa",
            "cap": "56123"
        },
        {
            "istat": "50026",
            "comune": "Pisa",
            "cap": "56124"
        },
        {
            "istat": "50026",
            "comune": "Pisa",
            "cap": "56125"
        },
        {
            "istat": "50026",
            "comune": "Pisa",
            "cap": "56126"
        },
        {
            "istat": "50026",
            "comune": "Pisa",
            "cap": "56127"
        },
        {
            "istat": "50026",
            "comune": "Pisa",
            "cap": "56128"
        },
        {
            "istat": "54039",
            "comune": "Perugia",
            "cap": "06121"
        },
        {
            "istat": "54039",
            "comune": "Perugia",
            "cap": "06122"
        },
        {
            "istat": "54039",
            "comune": "Perugia",
            "cap": "06123"
        },
        {
            "istat": "54039",
            "comune": "Perugia",
            "cap": "06124"
        },
        {
            "istat": "54039",
            "comune": "Perugia",
            "cap": "06125"
        },
        {
            "istat": "54039",
            "comune": "Perugia",
            "cap": "06126"
        },
        {
            "istat": "54039",
            "comune": "Perugia",
            "cap": "06127"
        },
        {
            "istat": "54039",
            "comune": "Perugia",
            "cap": "06128"
        },
        {
            "istat": "54039",
            "comune": "Perugia",
            "cap": "06129"
        },
        {
            "istat": "54039",
            "comune": "Perugia",
            "cap": "06131"
        },
        {
            "istat": "54039",
            "comune": "Perugia",
            "cap": "06132"
        },
        {
            "istat": "54039",
            "comune": "Perugia",
            "cap": "06133"
        },
        {
            "istat": "54039",
            "comune": "Perugia",
            "cap": "06134"
        },
        {
            "istat": "54039",
            "comune": "Perugia",
            "cap": "06135"
        },
        {
            "istat": "58091",
            "comune": "Roma",
            "cap": "00118"
        },
        {
            "istat": "58091",
            "comune": "Roma",
            "cap": "00119"
        },
        {
            "istat": "58091",
            "comune": "Roma",
            "cap": "00121"
        },
        {
            "istat": "58091",
            "comune": "Roma",
            "cap": "00122"
        },
        {
            "istat": "58091",
            "comune": "Roma",
            "cap": "00123"
        },
        {
            "istat": "58091",
            "comune": "Roma",
            "cap": "00124"
        },
        {
            "istat": "58091",
            "comune": "Roma",
            "cap": "00125"
        },
        {
            "istat": "58091",
            "comune": "Roma",
            "cap": "00126"
        },
        {
            "istat": "58091",
            "comune": "Roma",
            "cap": "00127"
        },
        {
            "istat": "58091",
            "comune": "Roma",
            "cap": "00128"
        },
        {
            "istat": "58091",
            "comune": "Roma",
            "cap": "00131"
        },
        {
            "istat": "58091",
            "comune": "Roma",
            "cap": "00132"
        },
        {
            "istat": "58091",
            "comune": "Roma",
            "cap": "00133"
        },
        {
            "istat": "58091",
            "comune": "Roma",
            "cap": "00134"
        },
        {
            "istat": "58091",
            "comune": "Roma",
            "cap": "00135"
        },
        {
            "istat": "58091",
            "comune": "Roma",
            "cap": "00136"
        },
        {
            "istat": "58091",
            "comune": "Roma",
            "cap": "00137"
        },
        {
            "istat": "58091",
            "comune": "Roma",
            "cap": "00138"
        },
        {
            "istat": "58091",
            "comune": "Roma",
            "cap": "00139"
        },
        {
            "istat": "58091",
            "comune": "Roma",
            "cap": "00141"
        },
        {
            "istat": "58091",
            "comune": "Roma",
            "cap": "00142"
        },
        {
            "istat": "58091",
            "comune": "Roma",
            "cap": "00143"
        },
        {
            "istat": "58091",
            "comune": "Roma",
            "cap": "00144"
        },
        {
            "istat": "58091",
            "comune": "Roma",
            "cap": "00145"
        },
        {
            "istat": "58091",
            "comune": "Roma",
            "cap": "00146"
        },
        {
            "istat": "58091",
            "comune": "Roma",
            "cap": "00147"
        },
        {
            "istat": "58091",
            "comune": "Roma",
            "cap": "00148"
        },
        {
            "istat": "58091",
            "comune": "Roma",
            "cap": "00149"
        },
        {
            "istat": "58091",
            "comune": "Roma",
            "cap": "00151"
        },
        {
            "istat": "58091",
            "comune": "Roma",
            "cap": "00152"
        },
        {
            "istat": "58091",
            "comune": "Roma",
            "cap": "00153"
        },
        {
            "istat": "58091",
            "comune": "Roma",
            "cap": "00154"
        },
        {
            "istat": "58091",
            "comune": "Roma",
            "cap": "00155"
        },
        {
            "istat": "58091",
            "comune": "Roma",
            "cap": "00156"
        },
        {
            "istat": "58091",
            "comune": "Roma",
            "cap": "00157"
        },
        {
            "istat": "58091",
            "comune": "Roma",
            "cap": "00158"
        },
        {
            "istat": "58091",
            "comune": "Roma",
            "cap": "00159"
        },
        {
            "istat": "58091",
            "comune": "Roma",
            "cap": "00161"
        },
        {
            "istat": "58091",
            "comune": "Roma",
            "cap": "00162"
        },
        {
            "istat": "58091",
            "comune": "Roma",
            "cap": "00163"
        },
        {
            "istat": "58091",
            "comune": "Roma",
            "cap": "00164"
        },
        {
            "istat": "58091",
            "comune": "Roma",
            "cap": "00165"
        },
        {
            "istat": "58091",
            "comune": "Roma",
            "cap": "00166"
        },
        {
            "istat": "58091",
            "comune": "Roma",
            "cap": "00167"
        },
        {
            "istat": "58091",
            "comune": "Roma",
            "cap": "00168"
        },
        {
            "istat": "58091",
            "comune": "Roma",
            "cap": "00169"
        },
        {
            "istat": "58091",
            "comune": "Roma",
            "cap": "00171"
        },
        {
            "istat": "58091",
            "comune": "Roma",
            "cap": "00172"
        },
        {
            "istat": "58091",
            "comune": "Roma",
            "cap": "00173"
        },
        {
            "istat": "58091",
            "comune": "Roma",
            "cap": "00174"
        },
        {
            "istat": "58091",
            "comune": "Roma",
            "cap": "00175"
        },
        {
            "istat": "58091",
            "comune": "Roma",
            "cap": "00176"
        },
        {
            "istat": "58091",
            "comune": "Roma",
            "cap": "00177"
        },
        {
            "istat": "58091",
            "comune": "Roma",
            "cap": "00178"
        },
        {
            "istat": "58091",
            "comune": "Roma",
            "cap": "00179"
        },
        {
            "istat": "58091",
            "comune": "Roma",
            "cap": "00181"
        },
        {
            "istat": "58091",
            "comune": "Roma",
            "cap": "00182"
        },
        {
            "istat": "58091",
            "comune": "Roma",
            "cap": "00183"
        },
        {
            "istat": "58091",
            "comune": "Roma",
            "cap": "00184"
        },
        {
            "istat": "58091",
            "comune": "Roma",
            "cap": "00185"
        },
        {
            "istat": "58091",
            "comune": "Roma",
            "cap": "00186"
        },
        {
            "istat": "58091",
            "comune": "Roma",
            "cap": "00187"
        },
        {
            "istat": "58091",
            "comune": "Roma",
            "cap": "00188"
        },
        {
            "istat": "58091",
            "comune": "Roma",
            "cap": "00189"
        },
        {
            "istat": "58091",
            "comune": "Roma",
            "cap": "00191"
        },
        {
            "istat": "58091",
            "comune": "Roma",
            "cap": "00192"
        },
        {
            "istat": "58091",
            "comune": "Roma",
            "cap": "00193"
        },
        {
            "istat": "58091",
            "comune": "Roma",
            "cap": "00194"
        },
        {
            "istat": "58091",
            "comune": "Roma",
            "cap": "00195"
        },
        {
            "istat": "58091",
            "comune": "Roma",
            "cap": "00196"
        },
        {
            "istat": "58091",
            "comune": "Roma",
            "cap": "00197"
        },
        {
            "istat": "58091",
            "comune": "Roma",
            "cap": "00198"
        },
        {
            "istat": "58091",
            "comune": "Roma",
            "cap": "00199"
        },
        {
            "istat": "63049",
            "comune": "Napoli",
            "cap": "80121"
        },
        {
            "istat": "63049",
            "comune": "Napoli",
            "cap": "80122"
        },
        {
            "istat": "63049",
            "comune": "Napoli",
            "cap": "80123"
        },
        {
            "istat": "63049",
            "comune": "Napoli",
            "cap": "80124"
        },
        {
            "istat": "63049",
            "comune": "Napoli",
            "cap": "80125"
        },
        {
            "istat": "63049",
            "comune": "Napoli",
            "cap": "80126"
        },
        {
            "istat": "63049",
            "comune": "Napoli",
            "cap": "80127"
        },
        {
            "istat": "63049",
            "comune": "Napoli",
            "cap": "80128"
        },
        {
            "istat": "63049",
            "comune": "Napoli",
            "cap": "80129"
        },
        {
            "istat": "63049",
            "comune": "Napoli",
            "cap": "80131"
        },
        {
            "istat": "63049",
            "comune": "Napoli",
            "cap": "80132"
        },
        {
            "istat": "63049",
            "comune": "Napoli",
            "cap": "80133"
        },
        {
            "istat": "63049",
            "comune": "Napoli",
            "cap": "80134"
        },
        {
            "istat": "63049",
            "comune": "Napoli",
            "cap": "80135"
        },
        {
            "istat": "63049",
            "comune": "Napoli",
            "cap": "80136"
        },
        {
            "istat": "63049",
            "comune": "Napoli",
            "cap": "80137"
        },
        {
            "istat": "63049",
            "comune": "Napoli",
            "cap": "80138"
        },
        {
            "istat": "63049",
            "comune": "Napoli",
            "cap": "80139"
        },
        {
            "istat": "63049",
            "comune": "Napoli",
            "cap": "80141"
        },
        {
            "istat": "63049",
            "comune": "Napoli",
            "cap": "80142"
        },
        {
            "istat": "63049",
            "comune": "Napoli",
            "cap": "80143"
        },
        {
            "istat": "63049",
            "comune": "Napoli",
            "cap": "80144"
        },
        {
            "istat": "63049",
            "comune": "Napoli",
            "cap": "80145"
        },
        {
            "istat": "63049",
            "comune": "Napoli",
            "cap": "80146"
        },
        {
            "istat": "63049",
            "comune": "Napoli",
            "cap": "80147"
        },
        {
            "istat": "65116",
            "comune": "Salerno",
            "cap": "84121"
        },
        {
            "istat": "65116",
            "comune": "Salerno",
            "cap": "84122"
        },
        {
            "istat": "65116",
            "comune": "Salerno",
            "cap": "84123"
        },
        {
            "istat": "65116",
            "comune": "Salerno",
            "cap": "84124"
        },
        {
            "istat": "65116",
            "comune": "Salerno",
            "cap": "84125"
        },
        {
            "istat": "65116",
            "comune": "Salerno",
            "cap": "84126"
        },
        {
            "istat": "65116",
            "comune": "Salerno",
            "cap": "84127"
        },
        {
            "istat": "65116",
            "comune": "Salerno",
            "cap": "84128"
        },
        {
            "istat": "65116",
            "comune": "Salerno",
            "cap": "84129"
        },
        {
            "istat": "65116",
            "comune": "Salerno",
            "cap": "84131"
        },
        {
            "istat": "65116",
            "comune": "Salerno",
            "cap": "84132"
        },
        {
            "istat": "65116",
            "comune": "Salerno",
            "cap": "84133"
        },
        {
            "istat": "65116",
            "comune": "Salerno",
            "cap": "84134"
        },
        {
            "istat": "65116",
            "comune": "Salerno",
            "cap": "84135"
        },
        {
            "istat": "68028",
            "comune": "Pescara",
            "cap": "65121"
        },
        {
            "istat": "68028",
            "comune": "Pescara",
            "cap": "65122"
        },
        {
            "istat": "68028",
            "comune": "Pescara",
            "cap": "65123"
        },
        {
            "istat": "68028",
            "comune": "Pescara",
            "cap": "65124"
        },
        {
            "istat": "68028",
            "comune": "Pescara",
            "cap": "65125"
        },
        {
            "istat": "68028",
            "comune": "Pescara",
            "cap": "65126"
        },
        {
            "istat": "68028",
            "comune": "Pescara",
            "cap": "65127"
        },
        {
            "istat": "68028",
            "comune": "Pescara",
            "cap": "65128"
        },
        {
            "istat": "68028",
            "comune": "Pescara",
            "cap": "65129"
        },
        {
            "istat": "71024",
            "comune": "Foggia",
            "cap": "71121"
        },
        {
            "istat": "71024",
            "comune": "Foggia",
            "cap": "71122"
        },
        {
            "istat": "72006",
            "comune": "Bari",
            "cap": "70121"
        },
        {
            "istat": "72006",
            "comune": "Bari",
            "cap": "70122"
        },
        {
            "istat": "72006",
            "comune": "Bari",
            "cap": "70123"
        },
        {
            "istat": "72006",
            "comune": "Bari",
            "cap": "70124"
        },
        {
            "istat": "72006",
            "comune": "Bari",
            "cap": "70125"
        },
        {
            "istat": "72006",
            "comune": "Bari",
            "cap": "70126"
        },
        {
            "istat": "72006",
            "comune": "Bari",
            "cap": "70127"
        },
        {
            "istat": "72006",
            "comune": "Bari",
            "cap": "70128"
        },
        {
            "istat": "72006",
            "comune": "Bari",
            "cap": "70129"
        },
        {
            "istat": "72006",
            "comune": "Bari",
            "cap": "70131"
        },
        {
            "istat": "72006",
            "comune": "Bari",
            "cap": "70132"
        },
        {
            "istat": "73027",
            "comune": "Taranto",
            "cap": "74121"
        },
        {
            "istat": "73027",
            "comune": "Taranto",
            "cap": "74122"
        },
        {
            "istat": "73027",
            "comune": "Taranto",
            "cap": "74123"
        },
        {
            "istat": "80063",
            "comune": "Reggio Calabria",
            "cap": "89121"
        },
        {
            "istat": "80063",
            "comune": "Reggio Calabria",
            "cap": "89122"
        },
        {
            "istat": "80063",
            "comune": "Reggio Calabria",
            "cap": "89123"
        },
        {
            "istat": "80063",
            "comune": "Reggio Calabria",
            "cap": "89124"
        },
        {
            "istat": "80063",
            "comune": "Reggio Calabria",
            "cap": "89125"
        },
        {
            "istat": "80063",
            "comune": "Reggio Calabria",
            "cap": "89126"
        },
        {
            "istat": "80063",
            "comune": "Reggio Calabria",
            "cap": "89127"
        },
        {
            "istat": "80063",
            "comune": "Reggio Calabria",
            "cap": "89128"
        },
        {
            "istat": "80063",
            "comune": "Reggio Calabria",
            "cap": "89129"
        },
        {
            "istat": "80063",
            "comune": "Reggio Calabria",
            "cap": "89131"
        },
        {
            "istat": "80063",
            "comune": "Reggio Calabria",
            "cap": "89132"
        },
        {
            "istat": "80063",
            "comune": "Reggio Calabria",
            "cap": "89133"
        },
        {
            "istat": "80063",
            "comune": "Reggio Calabria",
            "cap": "89134"
        },
        {
            "istat": "80063",
            "comune": "Reggio Calabria",
            "cap": "89135"
        },
        {
            "istat": "82053",
            "comune": "Palermo",
            "cap": "90121"
        },
        {
            "istat": "82053",
            "comune": "Palermo",
            "cap": "90123"
        },
        {
            "istat": "82053",
            "comune": "Palermo",
            "cap": "90124"
        },
        {
            "istat": "82053",
            "comune": "Palermo",
            "cap": "90125"
        },
        {
            "istat": "82053",
            "comune": "Palermo",
            "cap": "90126"
        },
        {
            "istat": "82053",
            "comune": "Palermo",
            "cap": "90127"
        },
        {
            "istat": "82053",
            "comune": "Palermo",
            "cap": "90128"
        },
        {
            "istat": "82053",
            "comune": "Palermo",
            "cap": "90129"
        },
        {
            "istat": "82053",
            "comune": "Palermo",
            "cap": "90131"
        },
        {
            "istat": "82053",
            "comune": "Palermo",
            "cap": "90133"
        },
        {
            "istat": "82053",
            "comune": "Palermo",
            "cap": "90134"
        },
        {
            "istat": "82053",
            "comune": "Palermo",
            "cap": "90135"
        },
        {
            "istat": "82053",
            "comune": "Palermo",
            "cap": "90136"
        },
        {
            "istat": "82053",
            "comune": "Palermo",
            "cap": "90138"
        },
        {
            "istat": "82053",
            "comune": "Palermo",
            "cap": "90139"
        },
        {
            "istat": "82053",
            "comune": "Palermo",
            "cap": "90141"
        },
        {
            "istat": "82053",
            "comune": "Palermo",
            "cap": "90142"
        },
        {
            "istat": "82053",
            "comune": "Palermo",
            "cap": "90143"
        },
        {
            "istat": "82053",
            "comune": "Palermo",
            "cap": "90144"
        },
        {
            "istat": "82053",
            "comune": "Palermo",
            "cap": "90145"
        },
        {
            "istat": "82053",
            "comune": "Palermo",
            "cap": "90146"
        },
        {
            "istat": "82053",
            "comune": "Palermo",
            "cap": "90147"
        },
        {
            "istat": "82053",
            "comune": "Palermo",
            "cap": "90149"
        },
        {
            "istat": "82053",
            "comune": "Palermo",
            "cap": "90151"
        },
        {
            "istat": "83048",
            "comune": "Messina",
            "cap": "98121"
        },
        {
            "istat": "83048",
            "comune": "Messina",
            "cap": "98122"
        },
        {
            "istat": "83048",
            "comune": "Messina",
            "cap": "98123"
        },
        {
            "istat": "83048",
            "comune": "Messina",
            "cap": "98124"
        },
        {
            "istat": "83048",
            "comune": "Messina",
            "cap": "98125"
        },
        {
            "istat": "83048",
            "comune": "Messina",
            "cap": "98126"
        },
        {
            "istat": "83048",
            "comune": "Messina",
            "cap": "98127"
        },
        {
            "istat": "83048",
            "comune": "Messina",
            "cap": "98128"
        },
        {
            "istat": "83048",
            "comune": "Messina",
            "cap": "98129"
        },
        {
            "istat": "83048",
            "comune": "Messina",
            "cap": "98131"
        },
        {
            "istat": "83048",
            "comune": "Messina",
            "cap": "98132"
        },
        {
            "istat": "83048",
            "comune": "Messina",
            "cap": "98133"
        },
        {
            "istat": "83048",
            "comune": "Messina",
            "cap": "98134"
        },
        {
            "istat": "83048",
            "comune": "Messina",
            "cap": "98135"
        },
        {
            "istat": "83048",
            "comune": "Messina",
            "cap": "98136"
        },
        {
            "istat": "83048",
            "comune": "Messina",
            "cap": "98137"
        },
        {
            "istat": "83048",
            "comune": "Messina",
            "cap": "98138"
        },
        {
            "istat": "83048",
            "comune": "Messina",
            "cap": "98139"
        },
        {
            "istat": "83048",
            "comune": "Messina",
            "cap": "98141"
        },
        {
            "istat": "83048",
            "comune": "Messina",
            "cap": "98142"
        },
        {
            "istat": "83048",
            "comune": "Messina",
            "cap": "98143"
        },
        {
            "istat": "83048",
            "comune": "Messina",
            "cap": "98144"
        },
        {
            "istat": "83048",
            "comune": "Messina",
            "cap": "98145"
        },
        {
            "istat": "83048",
            "comune": "Messina",
            "cap": "98146"
        },
        {
            "istat": "83048",
            "comune": "Messina",
            "cap": "98147"
        },
        {
            "istat": "83048",
            "comune": "Messina",
            "cap": "98148"
        },
        {
            "istat": "83048",
            "comune": "Messina",
            "cap": "98149"
        },
        {
            "istat": "83048",
            "comune": "Messina",
            "cap": "98151"
        },
        {
            "istat": "83048",
            "comune": "Messina",
            "cap": "98152"
        },
        {
            "istat": "83048",
            "comune": "Messina",
            "cap": "98153"
        },
        {
            "istat": "83048",
            "comune": "Messina",
            "cap": "98154"
        },
        {
            "istat": "83048",
            "comune": "Messina",
            "cap": "98155"
        },
        {
            "istat": "83048",
            "comune": "Messina",
            "cap": "98156"
        },
        {
            "istat": "83048",
            "comune": "Messina",
            "cap": "98157"
        },
        {
            "istat": "83048",
            "comune": "Messina",
            "cap": "98158"
        },
        {
            "istat": "83048",
            "comune": "Messina",
            "cap": "98161"
        },
        {
            "istat": "83048",
            "comune": "Messina",
            "cap": "98162"
        },
        {
            "istat": "83048",
            "comune": "Messina",
            "cap": "98163"
        },
        {
            "istat": "83048",
            "comune": "Messina",
            "cap": "98164"
        },
        {
            "istat": "83048",
            "comune": "Messina",
            "cap": "98165"
        },
        {
            "istat": "83048",
            "comune": "Messina",
            "cap": "98166"
        },
        {
            "istat": "83048",
            "comune": "Messina",
            "cap": "98167"
        },
        {
            "istat": "83048",
            "comune": "Messina",
            "cap": "98168"
        },
        {
            "istat": "87015",
            "comune": "Catania",
            "cap": "95121"
        },
        {
            "istat": "87015",
            "comune": "Catania",
            "cap": "95122"
        },
        {
            "istat": "87015",
            "comune": "Catania",
            "cap": "95123"
        },
        {
            "istat": "87015",
            "comune": "Catania",
            "cap": "95124"
        },
        {
            "istat": "87015",
            "comune": "Catania",
            "cap": "95125"
        },
        {
            "istat": "87015",
            "comune": "Catania",
            "cap": "95126"
        },
        {
            "istat": "87015",
            "comune": "Catania",
            "cap": "95127"
        },
        {
            "istat": "87015",
            "comune": "Catania",
            "cap": "95128"
        },
        {
            "istat": "87015",
            "comune": "Catania",
            "cap": "95129"
        },
        {
            "istat": "87015",
            "comune": "Catania",
            "cap": "95131"
        },
        {
            "istat": "92009",
            "comune": "Cagliari",
            "cap": "09121"
        },
        {
            "istat": "92009",
            "comune": "Cagliari",
            "cap": "09122"
        },
        {
            "istat": "92009",
            "comune": "Cagliari",
            "cap": "09123"
        },
        {
            "istat": "92009",
            "comune": "Cagliari",
            "cap": "09124"
        },
        {
            "istat": "92009",
            "comune": "Cagliari",
            "cap": "09125"
        },
        {
            "istat": "92009",
            "comune": "Cagliari",
            "cap": "09126"
        },
        {
            "istat": "92009",
            "comune": "Cagliari",
            "cap": "09127"
        },
        {
            "istat": "92009",
            "comune": "Cagliari",
            "cap": "09128"
        },
        {
            "istat": "92009",
            "comune": "Cagliari",
            "cap": "09129"
        },
        {
            "istat": "92009",
            "comune": "Cagliari",
            "cap": "09131"
        },
        {
            "istat": "92009",
            "comune": "Cagliari",
            "cap": "09134"
        },
        {
            "istat": "99014",
            "comune": "Rimini",
            "cap": "47921"
        },
        {
            "istat": "99014",
            "comune": "Rimini",
            "cap": "47922"
        },
        {
            "istat": "99014",
            "comune": "Rimini",
            "cap": "47923"
        },
        {
            "istat": "99014",
            "comune": "Rimini",
            "cap": "47924"
        },
        {
            "istat": "103072",
            "comune": "Verbania",
            "cap": "28921"
        },
        {
            "istat": "103072",
            "comune": "Verbania",
            "cap": "28922"
        },
        {
            "istat": "103072",
            "comune": "Verbania",
            "cap": "28923"
        },
        {
            "istat": "103072",
            "comune": "Verbania",
            "cap": "28924"
        },
        {
            "istat": "103072",
            "comune": "Verbania",
            "cap": "28925"
        }
    ]
}