﻿{
    "Foglio1": [
        {
            "id": "1",
            "denominazione": "ROMA CAPITALE",
            "capoluogo": "Roma",
            "popolazione": "4355725",
            "superficie": "5363",
            "densita": "812",
            "numero_comuni": "121"
        },
        {
            "id": "2",
            "denominazione": "MILANO",
            "capoluogo": "Milano",
            "popolazione": "3234658",
            "superficie": "1576",
            "densita": "2053",
            "numero_comuni": "133"
        },
        {
            "id": "3",
            "denominazione": "NAPOLI",
            "capoluogo": "Napoli",
            "popolazione": "3101002",
            "superficie": "1179",
            "densita": "2630",
            "numero_comuni": "92"
        },
        {
            "id": "4",
            "denominazione": "TORINO",
            "capoluogo": "Torino",
            "popolazione": "2269120",
            "superficie": "6827",
            "densita": "332",
            "numero_comuni": "312"
        },
        {
            "id": "5",
            "denominazione": "BARI",
            "capoluogo": "Bari",
            "popolazione": "1257520",
            "superficie": "3863",
            "densita": "326",
            "numero_comuni": "41"
        },
        {
            "id": "6",
            "denominazione": "FIRENZE",
            "capoluogo": "Firenze",
            "popolazione": "1013260",
            "superficie": "3514",
            "densita": "288",
            "numero_comuni": "41"
        },
        {
            "id": "7",
            "denominazione": "BOLOGNA",
            "capoluogo": "Bologna",
            "popolazione": "1011291",
            "superficie": "3702",
            "densita": "273",
            "numero_comuni": "55"
        },
        {
            "id": "8",
            "denominazione": "GENOVA",
            "capoluogo": "Genova",
            "popolazione": "844957",
            "superficie": "1834",
            "densita": "461",
            "numero_comuni": "67"
        },
        {
            "id": "9",
            "denominazione": "VENEZIA",
            "capoluogo": "Venezia",
            "popolazione": "853552",
            "superficie": "2473",
            "densita": "345",
            "numero_comuni": "44"
        },
        {
            "id": "10",
            "denominazione": "REGGIO CALABRIA",
            "capoluogo": "Reggio di Calabria",
            "popolazione": "551212",
            "superficie": "3210",
            "densita": "172",
            "numero_comuni": "97"
        },
        {
            "id": "11",
            "denominazione": "CAGLIARI",
            "capoluogo": "Cagliari",
            "popolazione": "431955",
            "superficie": "1249",
            "densita": "346",
            "numero_comuni": "17"
        },
        {
            "id": "12",
            "denominazione": "CATANIA",
            "capoluogo": "Catania",
            "popolazione": "1109888",
            "superficie": "3574",
            "densita": "311",
            "numero_comuni": "58"
        },
        {
            "id": "13",
            "denominazione": "MESSINA",
            "capoluogo": "Messina",
            "popolazione": "631297",
            "superficie": "3266",
            "densita": "193",
            "numero_comuni": "108"
        },
        {
            "id": "14",
            "denominazione": "PALERMO",
            "capoluogo": "Palermo",
            "popolazione": "1260193",
            "superficie": "5009",
            "densita": "252",
            "numero_comuni": "82"
        }
    ]
}