{
  "Foglio1": [
    {
      "id_regione": 1,
      "regione": "Abruzzo",
      "capoluogo": "L'Aquila",
      "superficie": 10828.8887,
      "num_residenti": 1305770,
      "num_comuni": 305,
      "num_provincie": 4,
      "presidente": "Marco Marsilio",
      "cod_istat": "13",
      "cod_fiscale": "80003170661",
      "piva": "",
      "pec": "urp@pec.regione.abruzzo.it",
      "sito": "www.regione.abruzzo.it",
      "sede": "Regione Abruzzo / Palazzo Silone - Via Leonardo da Vinci 6, 67100 L'Aquila"
    },
    {
      "id_regione": 2,
      "regione": "Basilicata",
      "capoluogo": "Potenza",
      "superficie": 10071.5942,
      "num_residenti": 556934,
      "num_comuni": 131,
      "num_provincie": 2,
      "presidente": "Vito Bardi",
      "cod_istat": "17",
      "cod_fiscale": "80002950766",
      "piva": "",
      "pec": "presidenza.giunta@cert.regione.basilicata.it",
      "sito": "www.regione.basilicata.it",
      "sede": "Regione Basilicata / Via Vincenzo Verrastro 4, 85100 Potenza"
    },
    {
      "id_regione": 3,
      "regione": "Calabria",
      "capoluogo": "Catanzaro",
      "superficie": 15212.6514,
      "num_residenti": 1924701,
      "num_comuni": 404,
      "num_provincie": 5,
      "presidente": "Roberto Occhiuto",
      "cod_istat": "18",
      "cod_fiscale": "",
      "piva": "02205340793",
      "pec": "dipartimento.presidenza@pec.regione.calabria.it",
      "sito": "www.regione.calabria.it",
      "sede": "Regione Calabria / Viale Europa - Loc. Germaneto, 88100 Catanzaro"
    },
    {
      "id_regione": 4,
      "regione": "Campania",
      "capoluogo": "Napoli",
      "superficie": 13667.8486,
      "num_residenti": 5785861,
      "num_comuni": 550,
      "num_provincie": 5,
      "presidente": "Vincenzo De Luca",
      "cod_istat": "15",
      "cod_fiscale": "80011990639",
      "piva": "03516070632",
      "pec": "agc02@pec.regione.campania.it",
      "sito": "www.regione.campania.it",
      "sede": "Regione Campania / Via Santa Lucia 81, 80132 Napoli"
    },
    {
      "id_regione": 5,
      "regione": "Emilia-Romagna",
      "capoluogo": "Bologna",
      "superficie": 22501.8179,
      "num_residenti": 4467118,
      "num_comuni": 330,
      "num_provincie": 9,
      "presidente": "Stefano Bonaccini",
      "cod_istat": "08",
      "cod_fiscale": "80062590379",
      "piva": "",
      "pec": "urp@postacert.regione.emilia-romagna.it",
      "sito": "www.regione.emilia-romagna.it",
      "sede": "Regione Emilia-Romagna / Viale Aldo Moro 52, 40127 Bologna"
    },
    {
      "id_regione": 6,
      "regione": "Friuli-Venezia Giulia",
      "capoluogo": "Trieste",
      "superficie": 7936.8334,
      "num_residenti": 1211357,
      "num_comuni": 215,
      "num_provincie": 4,
      "presidente": "Massimiliano Fedriga",
      "cod_istat": "06",
      "cod_fiscale": "80014930327",
      "piva": "00526040324",
      "pec": "regione.friuliveneziagiulia@certregione.fvg.it",
      "sito": "www.regione.fvg.it",
      "sede": "Regione autonoma Friuli Venezia Giulia / Piazza Unità d'Italia 1, 34121 Trieste"
    },
    {
      "id_regione": 7,
      "regione": "Lazio",
      "capoluogo": "Roma",
      "superficie": 17236.4882,
      "num_residenti": 5865544,
      "num_comuni": 378,
      "num_provincie": 5,
      "presidente": "Nicola Zingaretti",
      "cod_istat": "12",
      "cod_fiscale": "80143490581",
      "piva": "",
      "pec": "protocollo-istituzionale@regione.lazio.legalmail.it",
      "sito": "www.regione.lazio.it",
      "sede": "Regione Lazio / Via Rosa Raimondi Garibaldi 7, 00145 Roma"
    },
    {
      "id_regione": 8,
      "regione": "Liguria",
      "capoluogo": "Genova",
      "superficie": 5417.7138,
      "num_residenti": 1543127,
      "num_comuni": 234,
      "num_provincie": 4,
      "presidente": "Marco Bucci",
      "cod_istat": "07",
      "cod_fiscale": "",
      "piva": "00849050109",
      "pec": "protocollo@pec.regione.liguria.it",
      "sito": "www.regione.liguria.it",
      "sede": "Regione Liguria / Piazza De Ferrari 1, 16121 Genova"
    },
    {
      "id_regione": 9,
      "regione": "Lombardia",
      "capoluogo": "Milano",
      "superficie": 23862.8675,
      "num_residenti": 10103969,
      "num_comuni": 1502,
      "num_provincie": 12,
      "presidente": "Attilio Fontana",
      "cod_istat": "03",
      "cod_fiscale": "80050050154",
      "piva": "12874720159",
      "pec": "presidenza@pec.regione.lombardia.it",
      "sito": "www.regione.lombardia.it",
      "sede": "Regione Lombardia / Piazza Città di Lombardia 1, 20124 Milano"
    },
    {
      "id_regione": 10,
      "regione": "Marche",
      "capoluogo": "Ancona",
      "superficie": 9344.5422,
      "num_residenti": 1518400,
      "num_comuni": 225,
      "num_provincie": 5,
      "presidente": "Francesco Acquaroli",
      "cod_istat": "11",
      "cod_fiscale": "80008630420",
      "piva": "00481070423",
      "pec": "regione.marche.protocollogiunta@emarche.it",
      "sito": "www.regione.marche.it",
      "sede": "Regione Marche / Via Gentile da Fabriano 9, 60125 Ancona"
    },
    {
      "id_regione": 11,
      "regione": "Molise",
      "capoluogo": "Campobasso",
      "superficie": 4459.7979,
      "num_residenti": 302265,
      "num_comuni": 136,
      "num_provincie": 2,
      "presidente": "Donato Toma",
      "cod_istat": "14",
      "cod_fiscale": "00169440708",
      "piva": "",
      "pec": "regionemolise@pec.regione.molise.it",
      "sito": "www.regione.molise.it",
      "sede": "Regione Molise / Via Genova 11, 86100 Campobasso"
    },
    {
      "id_regione": 12,
      "regione": "Piemonte",
      "capoluogo": "Torino",
      "superficie": 25391.6652,
      "num_residenti": 4341375,
      "num_comuni": 1180,
      "num_provincie": 8,
      "presidente": "Alberto Cirio",
      "cod_istat": "01",
      "cod_fiscale": "80087670016",
      "piva": "02843860012",
      "pec": "gabinettopresidenza-giunta@cert.regione.piemonte.it",
      "sito": "www.regione.piemonte.it",
      "sede": "Regione Piemonte / Piazza Castello 165, 10122 Torino"
    },
    {
      "id_regione": 13,
      "regione": "Puglia",
      "capoluogo": "Bari",
      "superficie": 19322.4488,
      "num_residenti": 4008296,
      "num_comuni": 257,
      "num_provincie": 6,
      "presidente": "Michele Emiliano",
      "cod_istat": "16",
      "cod_fiscale": "80017210727",
      "piva": "",
      "pec": "comunicazione.istituzionale@pec.rupar.puglia.it",
      "sito": "www.regione.puglia.it",
      "sede": "Regione Puglia / Lungomare Nazario Sauro 33, 70121 Bari"
    },
    {
      "id_regione": 14,
      "regione": "Sardegna",
      "capoluogo": "Cagliari",
      "superficie": 24106.2963,
      "num_residenti": 1630474,
      "num_comuni": 377,
      "num_provincie": 5,
      "presidente": "Christian Solinas",
      "cod_istat": "20",
      "cod_fiscale": "80002870923",
      "piva": "",
      "pec": "affari.generali@pec.regione.sardegna.it",
      "sito": "www.regione.sardegna.it",
      "sede": "Regione autonoma della Sardegna / Viale Trento 69, 09123 Cagliari"
    },
    {
      "id_regione": 15,
      "regione": "Sicilia",
      "capoluogo": "Palermo",
      "superficie": 25320.6064,
      "num_residenti": 4968410,
      "num_comuni": 391,
      "num_provincie": 9,
      "presidente": "Sebastiano Musumeci",
      "cod_istat": "19",
      "cod_fiscale": "80012000826",
      "piva": "02711070827",
      "pec": "regione.sicilia@certmail.regione.sicilia.it",
      "sito": "pti.regione.sicilia.it ",
      "sede": "Regione Siciliana / Piazza Indipendenza 21, 90129 Palermo"
    },
    {
      "id_regione": 16,
      "regione": "Toscana",
      "capoluogo": "Firenze",
      "superficie": 22985.0065,
      "num_residenti": 3722729,
      "num_comuni": 273,
      "num_provincie": 10,
      "presidente": "Eugenio Giani",
      "cod_istat": "09",
      "cod_fiscale": "01386030488",
      "piva": "",
      "pec": "regionetoscana@postacert.toscana.it",
      "sito": "www.regione.toscana.it ",
      "sede": "Regione Toscana / Palazzo Strozzi Sacrati - Piazza del Duomo 10, 50122 Firenze"
    },
    {
      "id_regione": 17,
      "regione": "Trentino-Alto Adige",
      "capoluogo": "Trento",
      "superficie": 13605.9652,
      "num_residenti": 1074819,
      "num_comuni": 282,
      "num_provincie": 2,
      "presidente": "Arno Kompatscher",
      "cod_istat": "04",
      "cod_fiscale": "80003690221",
      "piva": "02439470226",
      "pec": "regione.taa@regione.taa.legalmail.it",
      "sito": "www.regione.taa.it",
      "sede": "Regione autonoma Trentino-Alto Adige / Via Gazzoletti 2, 38122 Trento"
    },
    {
      "id_regione": 18,
      "regione": "Umbria",
      "capoluogo": "Perugia",
      "superficie": 8463.9686,
      "num_residenti": 880285,
      "num_comuni": 92,
      "num_provincie": 2,
      "presidente": "Donatella Tesei",
      "cod_istat": "10",
      "cod_fiscale": "80000130544",
      "piva": "01212820540",
      "pec": "regione.giunta@postacert.umbria.it",
      "sito": "www.regione.umbria.it ",
      "sede": "Regione Umbria / Palazzo Donini - Corso Vannucci 96, 06121 Perugia"
    },
    {
      "id_regione": 19,
      "regione": "Valle d'Aosta",
      "capoluogo": "Aosta",
      "superficie": 3258.6082,
      "num_residenti": 125501,
      "num_comuni": 74,
      "num_provincie": 1,
      "presidente": "Erik Lavevaz",
      "cod_istat": "02",
      "cod_fiscale": "80002270074",
      "piva": "00368440079",
      "pec": "segretario_generale@pec.regione.vda.it",
      "sito": "www.regione.vda.it ",
      "sede": "Regione autonoma Valle d'Aosta / Piazza Deffeyes 1, 11100 Aosta"
    },
    {
      "id_regione": 20,
      "regione": "Veneto",
      "capoluogo": "Venezia",
      "superficie": 18351.494,
      "num_residenti": 4907704,
      "num_comuni": 560,
      "num_provincie": 7,
      "presidente": "Luca Zaia",
      "cod_istat": "05",
      "cod_fiscale": "80007580279",
      "piva": "02392630279",
      "pec": "protocollo.generale@pec.regione.veneto.it",
      "sito": "www.regione.veneto.it ",
      "sede": "Regione Veneto / Palazzo Balbi - Dorsoduro 3901, 30123 Venezia"
    }
  ]
}